{
    "auc": "0:114.1190476190476_1:96.32142857142857_2:42.154761904761905_3:-1.8571428571428568_4:50.86904761904762_5:0.9285714285714288",
    "auc_control": "0:129.45238095238096_1:170.32142857142856_2:455.3571428571429_3:66.9404761904762_4:75.27380952380952_5:171.0595238095238",
    "auc_control_norm": "0:0.8020841739202621_1:0.6764084323936834_2:0.8637002265298999_3:0.7091430686209464_4:0.42643109505461746_5:0.6784605531969846",
    "auc_gp": 0.3292879104,
    "auc_gp_control": 0.6410135749,
    "auc_norm": "0:0.4612154527720949_1:0.395862184490142_2:0.33248412696456586_3:-0.03422082691794396_4:0.34699073928449525_5:-0.002772912120751772",
    "average_angle": 1.0882923798,
    "average_angle_control": 1.3411257335,
    "average_angle_rel": 0.024523575,
    "average_angle_rel_control": 0.0563433949,
    "delta_log_likelihood": 23.3423290372,
    "drug": "Treatment",
    "gp_deriv": [
        [
            [
                0.0177551687
            ]
        ]
    ],
    "gp_deriv_control": [
        [
            [
                0.0358396963
            ]
        ]
    ],
    "kl": 0.4454713916,
    "kl_p_cvsc": 0.75404922,
    "kl_p_value": 0.7364583333,
    "mRECIST": "0:mSD_1:mSD_2:mSD_3:mPR_4:mSD_5:mSD",
    "num_mCR": 0,
    "num_mPD": 0,
    "num_mPR": 1,
    "num_mSD": 5,
    "number_replicates": 6,
    "number_replicates_control": 6,
    "perc_mCR": 0,
    "perc_mPD": 0,
    "perc_mPR": 0.1666666667,
    "perc_mSD": 0.8333333333,
    "perc_true_credible_intervals": 100,
    "response_angle": "0:1.37158906091272_1:1.363809940084132_2:0.7123541809031236_3:-0.25848948283290546_4:0.8282911924767443_5:0.05048862183662367",
    "response_angle_control": "0:1.0688895462020103_1:1.3428313739169329_2:1.4893837237446381_3:0.6863795711774672_4:1.1259667564066254_5:1.3452274471185095",
    "response_angle_rel": "0:0.0696521921675548_1:0.06697071490512937_2:0.010794960635095819_3:-0.0031476655274549617_4:0.013128017579810431_5:0.000647840496832891",
    "response_angle_rel_control": "0:0.01897918713390818_1:0.05251735122625978_2:0.17093465131400032_3:0.01137822590124543_4:0.027963134066305146_5:0.0737269668494628",
    "tgi": 0.4825352707,
    "tumour_type": "unknown"
}