{
    "auc": {
        "0": 8182.5,
        "1": 2789,
        "2": 6013,
        "3": 7717,
        "4": 7104
    },
    "auc_avg_control_vs_treatment": 14016.6,
    "auc_control": "0:17135.5_1:23016.0_2:21159.0_3:20987.0_4:19591.0",
    "auc_control_norm": "0:63.24105054704334_1:69.58936296992327_2:69.18923748945838_3:70.31720542345683_4:81.48146306305628",
    "auc_gp": 46.4654248846,
    "auc_gp_control": 85.8697376391,
    "auc_gp_control_vs_treatment": 39.4043127545,
    "auc_norm": "0:41.85401489747418_1:35.36548401912899_2:42.43923602484461_3:41.39141950484906_4:32.5327797739709",
    "auc_norm_avg_control_vs_treatment": 32.0470770545,
    "average_angle": 0.4166844665,
    "average_angle_control": 1.4012717217,
    "average_angle_rel": 0.0027906716,
    "average_angle_rel_control": 0.0292320709,
    "best_avg_response": [
        -10.582010582,
        -24.358974359,
        -37.5939849624,
        -23.0337078652,
        -26.0465116279
    ],
    "best_avg_response_control": [
        10.04784689,
        46.8619246862,
        1.4150943396,
        43.6893203883,
        61.6541353383
    ],
    "delta_log_likelihood": 238.901799414,
    "drug": "Treatment",
    "gp_deriv": [[[0.0031883422]]],
    "gp_deriv_control": [[[0.0366425713]]],
    "kl": 24.7490864346,
    "kl_p_cvsc": 0.0010430545,
    "kl_p_value": 0.0015625,
    "lm_slopes": [
        73.4643493883,
        47.3742765173,
        67.027529943,
        71.681082996,
        70.3661252558
    ],
    "lm_slopes_control": [
        81.8515294008,
        83.8242322688,
        83.5725085182,
        83.6151994138,
        83.1335979884
    ],
    "mRECIST": {
        "0": "mSD",
        "1": "mSD",
        "2": "mSD",
        "3": "mSD",
        "4": "mSD"
    },
    "mRECIST_control": {
        "0": "mSD",
        "1": "mPD",
        "2": "mSD",
        "3": "mPD",
        "4": "mPD"
    },
    "num_mCR": 0,
    "num_mPD": 0,
    "num_mPR": 0,
    "num_mSD": 5,
    "number_replicates": 5,
    "number_replicates_control": 5,
    "perc_mCR": 0,
    "perc_mPD": 0,
    "perc_mPR": 0,
    "perc_mSD": 1,
    "perc_true_credible_intervals": 100,
    "responder_from_AUC": true,
    "responder_from_response_angle": true,
    "response_angle": "0:0.7237853614046974_1:0.06110417446934331_2:0.5482358495517973_3:0.5975286367976587_4:-0.0231507310485699",
    "response_angle_control": "0:1.339002844093407_1:1.4083029171237553_2:1.408043757321834_3:1.4116069480692648_4:1.4194323340416257",
    "response_angle_rel": "0:0.004676090174639311_1:0.0007843631320679739_2:0.004591550757235156_3:0.0038230985472909656_4:-0.00010769705940930439",
    "response_angle_rel_control": "0:0.02026824076551789_1:0.025516785547800517_2:0.02871827847422374_3:0.03022706813982107_4:0.04925381026715929",
    "tgi": 0.675531903,
    "tumour_type": "unknown"
}
