{
    "auc": {
        "0": 13862,
        "1": 13884.5,
        "2": 6317.5,
        "3": 4529,
        "4": 7248.5,
        "5": 4713
    },
    "auc_avg_control_vs_treatment": 2976.5833333333,
    "auc_control": "0:7604.5_1:11814.5_2:24255.0_3:5625.5_4:8267.5_5:10847.0",
    "auc_control_norm": "0:54.94156229577831_1:94.53598856564517_2:132.54925834206728_3:70.61757778370085_4:90.38656758238187_5:111.31746968633198",
    "auc_gp": 90.3649594878,
    "auc_gp_control": 104.0917706598,
    "auc_gp_control_vs_treatment": 13.726811172,
    "auc_norm": "0:119.64577842678622_1:118.77353111560357_2:70.74215316757292_3:47.89052389162109_4:79.12478144663555_5:55.38735662644022",
    "auc_norm_avg_control_vs_treatment": 10.4640499302,
    "average_angle": 1.0882923798,
    "average_angle_control": 1.3411257335,
    "average_angle_rel": 0.024523575,
    "average_angle_rel_control": 0.0563433949,
    "best_avg_response": [
        -19.2488262911,
        -26.7605633803,
        -36.6666666667,
        -40.1360544218,
        -26.9076305221,
        -37.6923076923
    ],
    "best_avg_response_control": [
        -59.8958333333,
        -45.1219512195,
        -33.8028169014,
        -26.3888888889,
        -28,
        -27.6836158192
    ],
    "delta_log_likelihood": 23.342329037,
    "drug": "Treatment",
    "gp_deriv": [[[0.0177551697]]],
    "gp_deriv_control": [[[0.035839697]]],
    "kl": 0.4454713957,
    "kl_p_cvsc": 0.7540492183,
    "kl_p_value": 0.7364583333,
    "lm_slopes": [
        80.8586173805,
        80.5734501476,
        66.3607230369,
        50.8350694383,
        68.6933253683,
        55.1477485125
    ],
    "lm_slopes_control": [
        74.1723698182,
        80.162573454,
        85.7689470205,
        64.5173196859,
        73.7461098039,
        79.5194992382
    ],
    "mRECIST": {
        "0": "mSD",
        "1": "mSD",
        "2": "mSD",
        "3": "mPR",
        "4": "mSD",
        "5": "mSD"
    },
    "mRECIST_control": {
        "0": "mPR",
        "1": "mPR",
        "2": "mSD",
        "3": "mSD",
        "4": "mSD",
        "5": "mSD"
    },
    "num_mCR": 0,
    "num_mPD": 0,
    "num_mPR": 1,
    "num_mSD": 5,
    "number_replicates": 6,
    "number_replicates_control": 6,
    "perc_mCR": 0,
    "perc_mPD": 0,
    "perc_mPR": 0.1666666667,
    "perc_mSD": 0.8333333333,
    "perc_true_credible_intervals": 100,
    "responder_from_AUC": false,
    "responder_from_response_angle": false,
    "response_angle": "0:1.37158906091272_1:1.363809940084132_2:0.7123541809031236_3:-0.25848948283290546_4:0.8282911924767443_5:0.05048862183662367",
    "response_angle_control": "0:1.0688895462020103_1:1.3428313739169329_2:1.4893837237446381_3:0.6863795711774672_4:1.1259667564066254_5:1.3452274471185095",
    "response_angle_rel": "0:0.0696521921675548_1:0.06697071490512937_2:0.010794960635095819_3:-0.0031476655274549617_4:0.013128017579810431_5:0.000647840496832891",
    "response_angle_rel_control": "0:0.01897918713390818_1:0.05251735122625978_2:0.17093465131400032_3:0.01137822590124543_4:0.027963134066305146_5:0.0737269668494628",
    "tgi": 0.4825352707,
    "tumour_type": "unknown"
}
